{
    "cut_quality_mapping": {
        "Poor": 0,
        "Fair": 1,
        "Good": 2,
        "Very Good": 3,
        "Excellent": 4
    },
    "shape_mapping": {
<<<<<<< HEAD
        "Asscher - Octagon": 1889.0093200000001,
        "Cushion": 2549.411798124655,
        "Emerald Cut": 1765.0123803526449,
        "Fancy": 1022.3779069767442,
        "Heart": 2969.8839344262296,
        "Marquise": 2188.5925925925926,
        "Oval": 2103.4730839633903,
        "Pear": 1972.5375070821528,
        "Princess": 1213.6666666666667,
        "Radiant": 1335.191882951654,
        "Round": 1738.3217583892617,
        "Trillion": 820.7027027027027
    },
    "origin_mapping": {
        "Africa": 579.0555555555555,
        "Australia": 886.0,
        "Burma (Myanmar)": 5404.807127071823,
        "Cambodia": 1771.0,
        "Ceylon (Sri Lanka)": 1559.0118137254901,
        "Colombia": 1757.0,
        "East Africa": 1749.857142857143,
        "Ethiopia": 3907.0,
        "Madagascar": 2891.460524691358,
        "Montana": 1210.521327014218,
        "Mozambique": 5780.212653778559,
        "Nigeria": 1206.6,
        "Tajikistan": 3700.0,
        "Tanzania": 1630.3772727272728,
        "Thailand": 1337.5103896103897,
        "Thailand (Siam)": 3904.2280701754385,
        "Unknown": 8000.0,
        "West Africa": 3300.0
    },
    "color_mapping": {
        "Blue": 1995.3630460448642,
        "Bluish Green": 1200.0,
        "Bluish Grey": 1002.4,
        "Bluish Purple": 1297.5135135135135,
        "Color Change": 1608.8813559322034,
        "Green": 992.7547169811321,
        "Greenish Blue": 1400.0,
        "Greenish Yellow": 883.2388059701492,
        "Greyish Blue": 1147.0689655172414,
        "Orangish Red": 1050.0,
        "Orangish Yellow": 704.6170212765958,
        "Padparadscha (Pinkish-Orange / Orangish-Pink)": 3770.3412462908013,
        "Pink": 1662.3995535714287,
        "Pinkish Brown": 1049.0625,
        "Pinkish Purple": 1014.4589371980676,
        "Pinkish Red": 2728.281045751634,
        "Purple": 1144.827380952381,
        "Purplish Blue": 1129.103448275862,
        "Purplish Pink": 1718.5656108597284,
        "Purplish Red": 3248.4594594594596,
        "Red": 6642.0205128205125,
        "Reddish Pink": 1264.1733333333334,
        "Violet": 939.8627450980392,
        "White": 697.5501234567901,
        "Yellow": 824.9041278295606,
        "Yellowish Brown": 992.48,
        "Yellowish Green": 999.1379310344828,
        "Yellowish Orange": 841.4375
    },
    "color_intensity_mapping": {
        "Colorless": 599.6159689922481,
        "Dark": 1235.6666666666667,
        "Faint": 748.8181818181819,
        "Intense": 1592.259821723341,
        "Light": 837.8827160493827,
        "Medium": 1115.6164736164735,
        "Medium Intense": 1290.4417862838916,
        "Medium Light": 933.9052369077307,
        "Near Colorless": 808.370350877193,
        "Very Light": 812.5616438356165,
        "Vivid": 3672.48968029138
    },
    "clarity_mapping": {
        "Eye Clean": 3181.99948125321,
        "Included": 1639.0523076923077,
        "Slightly Included": 1525.865816993464,
        "Very Slightly Included": 1696.537985724234
    },
    "treatment_mapping": {
        "Heated": 2018.6691701244813,
        "No Enhancement": 2006.693347374333
    },
    "cut_mapping": {
        "Asscher": 1876.2718442622952,
        "Brilliant": 2849.9591836734694,
        "Carving": 1200.0,
        "Emerald Cut": 1689.5901560468142,
        "Fancy Brilliant": 1096.6923076923076,
        "Fancy Cut": 1272.75,
        "Mixed Brilliant": 2132.8808787110247,
        "Modified Brilliant": 2577.3333333333335,
        "Princess Cut": 1150.1940298507463,
        "Radiant Cut": 1311.0255498721228,
        "Scissor Cut": 1416.6666666666667,
        "Step Cut": 2065.6766917293235,
        "Trillion Cut": 884.7877094972067
    },
    "type_mapping": {
        "Blue Sapphire": 1936.7874499332443,
        "Green Sapphire": 992.7547169811321,
        "Padparadscha Sapphire": 3770.3412462908013,
        "Pink Sapphire": 1548.3420494699646,
        "Purple Sapphire": 1117.8165374677003,
        "Ruby": 5584.146191646191,
        "White Sapphire": 697.5501234567901,
        "Yellow Sapphire": 852.4941860465116
    },
    "global_mean": 2013.7229969844584
=======
        "Asscher - Octagon": 2007.3068137254904,
        "Cushion": 2946.7351812080537,
        "Emerald Cut": 2346.2185017421602,
        "Fancy": 1395.71875,
        "Heart": 3277.0569620253164,
        "Marquise": 1970.7735849056603,
        "Oval": 2973.14115430622,
        "Pear": 2535.1600833333337,
        "Princess": 1574.2571428571428,
        "Radiant": 1583.3932116788321,
        "Round": 2494.715630769231,
        "Trillion": 1191.3628318584072
    },
    "origin_mapping": {
        "Africa": 729.5454545454545,
        "Australia": 991.6,
        "Burma (Myanmar)": 5472.199112426036,
        "Cambodia": 1687.6666666666667,
        "Ceylon (Sri Lanka)": 2127.3675247752935,
        "East Africa": 1224.0,
        "Ethiopia": 4005.6666666666665,
        "Kashmir": 24910.0,
        "Madagascar": 3470.906629001883,
        "Montana": 1264.5599078341013,
        "Mozambique": 7272.489260143198,
        "Nigeria": 3870.0,
        "Tajikistan": 3700.0,
        "Tanzania": 1591.4716981132076,
        "Thailand": 1454.8125,
        "Thailand (Siam)": 4296.037037037037,
        "Unknown": 8000.0,
        "Vietnam": 2550.0,
        "West Africa": 3174.25
    },
    "color_mapping": {
        "Blue": 2642.141794129806,
        "Bluish Green": 1200.0,
        "Bluish Grey": 1304.0,
        "Bluish Purple": 1851.2068965517242,
        "Color Change": 1988.6949152542372,
        "Green": 1144.0798004987532,
        "Greenish Blue": 1400.0,
        "Greenish Yellow": 1083.7076923076922,
        "Greyish Blue": 1277.3214285714287,
        "Orangish Red": 1400.0,
        "Orangish Yellow": 1058.063829787234,
        "Padparadscha (Pinkish-Orange / Orangish-Pink)": 4109.288079470199,
        "Pink": 2074.034743202417,
        "Pinkish Brown": 1293.1,
        "Pinkish Purple": 1577.6017699115043,
        "Pinkish Red": 3463.6141732283463,
        "Purple": 2526.5213675213677,
        "Purplish Blue": 1416.6,
        "Purplish Pink": 2278.432926829268,
        "Purplish Red": 5167.340909090909,
        "Red": 7364.983572895278,
        "Reddish Pink": 1474.3793103448277,
        "Violet": 1973.3333333333333,
        "White": 899.4867175572518,
        "Yellow": 1111.7356076759063,
        "Yellowish Brown": 986.0869565217391,
        "Yellowish Green": 1099.562874251497,
        "Yellowish Orange": 1060.2307692307693
    },
    "color_intensity_mapping": {
        "Colorless": 835.007076923077,
        "Dark": 1629.5871559633028,
        "Faint": 1201.36,
        "Intense": 2134.5199029126215,
        "Light": 1207.6363636363637,
        "Medium": 1542.4125,
        "Medium Intense": 1842.0202140309157,
        "Medium Light": 1341.3644444444444,
        "Near Colorless": 962.989393939394,
        "Very Light": 1194.921568627451,
        "Vivid": 4084.2936470588234
    },
    "clarity_mapping": {
        "Eye Clean": 3606.5505078809106,
        "Included": 2264.4166666666665,
        "Slightly Included": 2198.2915118397086,
        "Very Slightly Included": 2268.8061558441555
    },
    "treatment_mapping": {
        "Heated": 2560.9685951538254,
        "No Enhancement": 2750.1110199918403
    },
    "cut_mapping": {
        "Asscher": 1986.0733165829147,
        "Brilliant": 4488.821428571428,
        "Carving": 1200.0,
        "Checkerboard": 900.0,
        "Emerald Cut": 2293.2302732240437,
        "Fancy Brilliant": 1610.611111111111,
        "Fancy Cut": 1392.391304347826,
        "French Cut": 4000.0,
        "Mixed Brilliant": 2791.9273623613144,
        "Modified Brilliant": 3566.121212121212,
        "Princess Cut": 1521.1818181818182,
        "Radiant Cut": 1574.2553790613717,
        "Scissor Cut": 1450.0,