{
    "cut_quality_mapping": {
        "Poor": 0,
        "Fair": 1,
        "Good": 2,
        "Very Good": 3,
        "Excellent": 4
    },
    "shape_mapping": {
        "Asscher - Octagon": 1889.0093200000001,
        "Cushion": 2549.411798124655,
        "Emerald Cut": 1765.0123803526449,
        "Fancy": 1022.3779069767442,
        "Heart": 2969.8839344262296,
        "Marquise": 2188.5925925925926,
        "Oval": 2103.4730839633903,
        "Pear": 1972.5375070821528,
        "Princess": 1213.6666666666667,
        "Radiant": 1335.191882951654,
        "Round": 1738.3217583892617,
        "Trillion": 820.7027027027027
    },
    "origin_mapping": {
        "Africa": 579.0555555555555,
        "Australia": 886.0,
        "Burma (Myanmar)": 5404.807127071823,
        "Cambodia": 1771.0,
        "Ceylon (Sri Lanka)": 1559.0118137254901,
        "Colombia": 1757.0,
        "East Africa": 1749.857142857143,
        "Ethiopia": 3907.0,
        "Madagascar": 2891.460524691358,
        "Montana": 1210.521327014218,
        "Mozambique": 5780.212653778559,
        "Nigeria": 1206.6,
        "Tajikistan": 3700.0,
        "Tanzania": 1630.3772727272728,
        "Thailand": 1337.5103896103897,
        "Thailand (Siam)": 3904.2280701754385,
        "Unknown": 8000.0,
        "West Africa": 3300.0
    },
    "color_mapping": {
        "Blue": 1995.3630460448642,
        "Bluish Green": 1200.0,
        "Bluish Grey": 1002.4,
        "Bluish Purple": 1297.5135135135135,
        "Color Change": 1608.8813559322034,
        "Green": 992.7547169811321,
        "Greenish Blue": 1400.0,
        "Greenish Yellow": 883.2388059701492,
        "Greyish Blue": 1147.0689655172414,
        "Orangish Red": 1050.0,
        "Orangish Yellow": 704.6170212765958,
        "Padparadscha (Pinkish-Orange / Orangish-Pink)": 3770.3412462908013,
        "Pink": 1662.3995535714287,
        "Pinkish Brown": 1049.0625,
        "Pinkish Purple": 1014.4589371980676,
        "Pinkish Red": 2728.281045751634,
        "Purple": 1144.827380952381,
        "Purplish Blue": 1129.103448275862,
        "Purplish Pink": 1718.5656108597284,
        "Purplish Red": 3248.4594594594596,
        "Red": 6642.0205128205125,
        "Reddish Pink": 1264.1733333333334,
        "Violet": 939.8627450980392,
        "White": 697.5501234567901,
        "Yellow": 824.9041278295606,
        "Yellowish Brown": 992.48,
        "Yellowish Green": 999.1379310344828,
        "Yellowish Orange": 841.4375
    },
    "color_intensity_mapping": {
        "Colorless": 599.6159689922481,
        "Dark": 1235.6666666666667,
        "Faint": 748.8181818181819,
        "Intense": 1592.259821723341,
        "Light": 837.8827160493827,
        "Medium": 1115.6164736164735,
        "Medium Intense": 1290.4417862838916,
        "Medium Light": 933.9052369077307,
        "Near Colorless": 808.370350877193,
        "Very Light": 812.5616438356165,
        "Vivid": 3672.48968029138
    },
    "clarity_mapping": {
        "Eye Clean": 3181.99948125321,
        "Included": 1639.0523076923077,
        "Slightly Included": 1525.865816993464,
        "Very Slightly Included": 1696.537985724234
    },
    "treatment_mapping": {
        "Heated": 2018.6691701244813,
        "No Enhancement": 2006.693347374333
    },
    "cut_mapping": {
        "Asscher": 1876.2718442622952,
        "Brilliant": 2849.9591836734694,
        "Carving": 1200.0,
        "Emerald Cut": 1689.5901560468142,
        "Fancy Brilliant": 1096.6923076923076,
        "Fancy Cut": 1272.75,
        "Mixed Brilliant": 2132.8808787110247,
        "Modified Brilliant": 2577.3333333333335,
        "Princess Cut": 1150.1940298507463,
        "Radiant Cut": 1311.0255498721228,
        "Scissor Cut": 1416.6666666666667,
        "Step Cut": 2065.6766917293235,
        "Trillion Cut": 884.7877094972067
    },
    "type_mapping": {
        "Blue Sapphire": 1936.7874499332443,
        "Green Sapphire": 992.7547169811321,
        "Padparadscha Sapphire": 3770.3412462908013,
        "Pink Sapphire": 1548.3420494699646,
        "Purple Sapphire": 1117.8165374677003,
        "Ruby": 5584.146191646191,
        "White Sapphire": 697.5501234567901,
        "Yellow Sapphire": 852.4941860465116
    },
    "global_mean": 2013.7229969844584
}