{
    "cut_quality_mapping": {
        "Poor": 0,
        "Fair": 1,
        "Good": 2,
        "Very Good": 3,
        "Excellent": 4
    },
    "shape_mapping": {
        "Asscher - Octagon": 1926.2276000000002,
        "Cushion": 2776.0080550458715,
        "Emerald Cut": 2085.432578125,
        "Fancy": 1275.3796296296296,
        "Heart": 2952.6014835164833,
        "Marquise": 2341.0526315789475,
        "Oval": 2482.8079529529527,
        "Pear": 2304.0555650684933,
        "Princess": 1348.6153846153845,
        "Radiant": 1483.020996978852,
        "Round": 2118.0156686290998,
        "Trillion": 1054.6752136752136
    },
    "origin_mapping": {
        "Africa": 618.4411764705883,
        "Australia": 908.2857142857143,
        "Burma (Myanmar)": 5224.591878787879,
        "Cambodia": 1500.0,
        "Ceylon (Sri Lanka)": 1878.7947942028986,
        "Colombia": 1757.0,
        "East Africa": 1628.1,
        "Ethiopia": 3847.090909090909,
        "Kashmir": 24910.0,
        "Madagascar": 3189.2059336823736,
        "Montana": 1224.909952606635,
        "Mozambique": 6174.52390438247,
        "Nigeria": 2119.6428571428573,
        "Tajikistan": 3700.0,
        "Tanzania": 1620.3035714285713,
        "Thailand": 1285.730681818182,
        "Thailand (Siam)": 4372.3725490196075,
        "Unknown": 8000.0,
        "Vietnam": 2550.0,
        "West Africa": 3296.5
    },
    "color_mapping": {
        "Blue": 2350.5417106652585,
        "Bluish Green": 1200.0,
        "Bluish Grey": 1050.5625,
        "Bluish Purple": 1417.4571428571428,
        "Color Change": 1605.0592105263158,
        "Green": 1068.2568807339449,
        "Greenish Yellow": 987.0289855072464,
        "Greyish Blue": 1206.8433734939758,
        "Orangish Red": 1050.0,
        "Orangish Yellow": 967.875,
        "Padparadscha (Pinkish-Orange / Orangish-Pink)": 3886.4285714285716,
        "Pink": 1879.373015873016,
        "Pinkish Brown": 970.0,
        "Pinkish Purple": 1349.027972027972,
        "Pinkish Red": 3055.346666666667,
        "Purple": 2171.936305732484,
        "Purplish Blue": 1267.6785714285713,
        "Purplish Pink": 2020.3316582914572,
        "Purplish Red": 3062.8571428571427,
        "Red": 7030.671259842519,
        "Reddish Pink": 1377.8695652173913,
        "Violet": 1667.1153846153845,
        "White": 757.7685263157895,
        "Yellow": 1000.0921985815603,
        "Yellowish Brown": 974.6521739130435,
        "Yellowish Green": 1066.9840425531916,
        "Yellowish Orange": 1066.3
    },
    "color_intensity_mapping": {
        "Colorless": 682.7862376237624,
        "Dark": 1310.5379310344827,
        "Faint": 790.7837837837837,
        "Intense": 1836.350963509635,
        "Light": 1036.6634615384614,
        "Medium": 1416.4688581314879,
        "Medium Intense": 1587.4201183431953,
        "Medium Light": 1250.4755244755245,
        "Near Colorless": 842.860786516854,
        "Very Light": 925.6779661016949,
        "Vivid": 3898.411297440424
    },
    "clarity_mapping": {
        "Eye Clean": 3384.9667893333335,
        "Included": 1646.4166666666667,
        "Slightly Included": 1775.0293324061197,
        "Very Slightly Included": 1990.5882535460992
    },
    "treatment_mapping": {
        "Heated": 2279.5635683760684,
        "No Enhancement": 2416.6649242945628
    },
    "cut_mapping": {
        "Asscher": 1909.6523394495414,
        "Brilliant": 3413.9444444444443,
        "Carving": 1200.0,
        "Checkerboard": 900.0,
        "Emerald Cut": 2058.28918699187,
        "Fancy Brilliant": 1476.2941176470588,
        "Fancy Cut": 1361.4583333333333,
        "French Cut": 4000.0,
        "Mixed Brilliant": 2465.5243192404155,
        "Modified Brilliant": 3155.0789473684213,
        "Princess Cut": 1286.3469387755101,
        "Radiant Cut": 1454.2430606060607,
        "Scissor Cut": 1380.0,
        "Step Cut": 2129.3888888888887,
        "Trillion Cut": 1184.6666666666667
    },
    "type_mapping": {
        "Blue Sapphire": 2257.6492395437263,
        "Green Sapphire": 1068.2568807339449,
        "Padparadscha Sapphire": 3886.4285714285716,
        "Pink Sapphire": 1798.1269035532996,
        "Purple Sapphire": 2100.2131147540986,
        "Ruby": 5870.814245810056,
        "White Sapphire": 757.7685263157895,
        "Yellow Sapphire": 1012.7872340425532
    },
    "global_mean": 2335.5366704130374
}