{
    "cut_quality_mapping": {
        "Poor": 0,
        "Fair": 1,
        "Good": 2,
        "Very Good": 3,
        "Excellent": 4
    },
    "shape_mapping": {
        "Asscher - Octagon": 2007.3068137254904,
        "Cushion": 2946.7351812080537,
        "Emerald Cut": 2346.2185017421602,
        "Fancy": 1395.71875,
        "Heart": 3277.0569620253164,
        "Marquise": 1970.7735849056603,
        "Oval": 2973.14115430622,
        "Pear": 2535.1600833333337,
        "Princess": 1574.2571428571428,
        "Radiant": 1583.3932116788321,
        "Round": 2494.715630769231,
        "Trillion": 1191.3628318584072
    },
    "origin_mapping": {
        "Africa": 729.5454545454545,
        "Australia": 991.6,
        "Burma (Myanmar)": 5472.199112426036,
        "Cambodia": 1687.6666666666667,
        "Ceylon (Sri Lanka)": 2127.3675247752935,
        "East Africa": 1224.0,
        "Ethiopia": 4005.6666666666665,
        "Kashmir": 24910.0,
        "Madagascar": 3470.906629001883,
        "Montana": 1264.5599078341013,
        "Mozambique": 7272.489260143198,
        "Nigeria": 3870.0,
        "Tajikistan": 3700.0,
        "Tanzania": 1591.4716981132076,
        "Thailand": 1454.8125,
        "Thailand (Siam)": 4296.037037037037,
        "Unknown": 8000.0,
        "Vietnam": 2550.0,
        "West Africa": 3174.25
    },
    "color_mapping": {
        "Blue": 2642.141794129806,
        "Bluish Green": 1200.0,
        "Bluish Grey": 1304.0,
        "Bluish Purple": 1851.2068965517242,
        "Color Change": 1988.6949152542372,
        "Green": 1144.0798004987532,
        "Greenish Blue": 1400.0,
        "Greenish Yellow": 1083.7076923076922,
        "Greyish Blue": 1277.3214285714287,
        "Orangish Red": 1400.0,
        "Orangish Yellow": 1058.063829787234,
        "Padparadscha (Pinkish-Orange / Orangish-Pink)": 4109.288079470199,
        "Pink": 2074.034743202417,
        "Pinkish Brown": 1293.1,
        "Pinkish Purple": 1577.6017699115043,
        "Pinkish Red": 3463.6141732283463,
        "Purple": 2526.5213675213677,
        "Purplish Blue": 1416.6,
        "Purplish Pink": 2278.432926829268,
        "Purplish Red": 5167.340909090909,
        "Red": 7364.983572895278,
        "Reddish Pink": 1474.3793103448277,
        "Violet": 1973.3333333333333,
        "White": 899.4867175572518,
        "Yellow": 1111.7356076759063,
        "Yellowish Brown": 986.0869565217391,
        "Yellowish Green": 1099.562874251497,
        "Yellowish Orange": 1060.2307692307693
    },
    "color_intensity_mapping": {
        "Colorless": 835.007076923077,
        "Dark": 1629.5871559633028,
        "Faint": 1201.36,
        "Intense": 2134.5199029126215,
        "Light": 1207.6363636363637,
        "Medium": 1542.4125,
        "Medium Intense": 1842.0202140309157,
        "Medium Light": 1341.3644444444444,
        "Near Colorless": 962.989393939394,
        "Very Light": 1194.921568627451,
        "Vivid": 4084.2936470588234
    },
    "clarity_mapping": {
        "Eye Clean": 3606.5505078809106,
        "Included": 2264.4166666666665,
        "Slightly Included": 2198.2915118397086,
        "Very Slightly Included": 2268.8061558441555
    },
    "treatment_mapping": {
        "Heated": 2560.9685951538254,
        "No Enhancement": 2750.1110199918403
    },
    "cut_mapping": {
        "Asscher": 1986.0733165829147,
        "Brilliant": 4488.821428571428,
        "Carving": 1200.0,
        "Checkerboard": 900.0,
        "Emerald Cut": 2293.2302732240437,
        "Fancy Brilliant": 1610.611111111111,
        "Fancy Cut": 1392.391304347826,
        "French Cut": 4000.0,
        "Mixed Brilliant": 2791.9273623613144,
        "Modified Brilliant": 3566.121212121212,
        "Princess Cut": 1521.1818181818182,
        "Radiant Cut": 1574.2553790613717,
        "Scissor Cut": 1450.0,
        "Step Cut": 2857.7733333333335,
        "Trillion Cut": 1323.3490566037735
    },
    "type_mapping": {
        "Blue Sapphire": 2542.347325408618,
        "Green Sapphire": 1144.0798004987532,
        "Padparadscha Sapphire": 4109.288079470199,
        "Pink Sapphire": 2009.3227408143,
        "Purple Sapphire": 2452.762962962963,
        "Ruby": 6457.342943854324,
        "White Sapphire": 899.4867175572518,
        "Yellow Sapphire": 1098.4278544542033
    },
    "global_mean": 2636.6688047028088
}